{
    "train": {
        "accuracy": 4.358275543169433,
        "loss": 0.8761437590612768
    },
    "val": {
        "accuracy": 4.1530638138752245,
        "loss": 0.35150200614190497
    },
    "step": 4
}
