{
    "train": {
        "accuracy": 4.190207745684589,
        "loss": 0.7696692386669041
    },
    "val": {
        "accuracy": 4.396115124809679,
        "loss": 0.8419449852595058
    },
    "step": 4
}
