step	accuracy
0	0.9592210104747114
1	1.3938658014636807
2	2.3073932131264563
3	3.1605244515140156
4	4.190207745684589
