step	accuracy
0	0.39286051200758854
1	1.6723289256243181
2	2.956827760405824
3	3.561700927446074
4	4.358275543169433
