step	loss
0	4.41404850386822
1	3.425555154520816
2	2.4180909237626613
3	1.951260568074435
4	0.7696692386669041
