step	loss
0	4.4039356489618635
1	3.832901394219288
2	2.52061878390536
3	1.5532547847628437
4	0.8761437590612768
